"Treatment","Mean","SD","Min","Max"
"0X",-2615.92096433333,1349.47742178398,-5336.551572,-550
"2X",2513.162631,1349.55277583345,495,5336.551572
"Ctrl",169,NA,169,169
